"Maravilhosa, anciosa para a proxima compra na loja pompéia. ","2015-11-03 15:12:53"
"gosto muito das pecas de vcs.","2015-11-03 15:13:57"
"eficiente","2015-11-03 15:13:53"
"honey,tudo de bom","2015-11-03 15:15:51"
"Pessoas fofíssimas, me enviaram o pedido super rápido, tudo bem embalado para não derramar, nem sofrer pancadas na viagem, com um bilhetinho muito simpático! Também fiz contato por e-mail e fui muito bem atendida. Gostei muito. Com certeza vou comprar mais vezes aqui!","2015-11-03 15:20:07"
"Ótima loja virtual. Cumpre prazo e entrega de acordo com o combinado.
Recomendo.","2015-11-03 15:18:23"
"Sistema de compra e recebimento muito bom...","2015-11-03 15:19:25"
"Adorei, lindo","2015-11-03 15:21:55"
"ótimo vou comprar sempre","2015-11-03 15:22:44"
"O atendimento e a rapides na entrega são excelentes.","2015-11-03 15:24:43"
"Adoro a loja, sempre tem peças atuais com preço ótimo e nas últimas coleções o tecido tem melhorado muito! Super recomendo!","2015-11-03 15:25:41"
"Bom.
","2015-11-03 15:31:57"
"excelente loja.","2015-11-03 15:27:12"
"Ótima empresa 100% seguro","2015-11-03 15:28:58"
"otimo.","2015-11-03 15:30:32"
"Site confiável e entrega rápida.","2015-11-03 15:31:41"
"Execelente, rapido de mais","2015-11-03 15:32:16"
"Bom,mas as vezes gostaria de informações mais específicas, e o número que passaram para contato, para mim não adiantou nada as orientações da atendente.","2015-11-03 15:35:12"
"Excelente!","2015-11-03 15:34:30"
"Não tive nenhum problema na compra e chegou no prazo combinado!!!","2015-11-03 15:33:15"
"atendimento excelente, recomendo a loja e eu voltarei a comprar muitas vezes ainda","2015-11-03 15:35:30"
"Bom","2015-11-03 15:36:20"
"Excelente site de compras. ","2015-11-03 15:37:41"
"Entregou bastante rapido recomendo","2015-11-03 15:36:24"
"Entrega rápida e descomplicada!","2015-11-03 15:36:51"
"As medidias da camisa diminuiram, portanto não tenho mais interesse nas camisas. O nome de camisaria ficou sem sentido... O único elogio é quanto a entrega que foi bem rápida.","2015-11-03 15:40:59"
"Boa","2015-11-03 15:40:28"
"Muito boa a loja, só poderia ter a opção na hora de fechar o pedido a entrega pelos correios.","2015-11-03 15:42:54"
"demora na entrega,e n conferi no ato o material veio todo errado,pedi 10 placas só neio 2,10 correias só 5","2015-11-03 15:44:07"
"Eu Recomendo, entrega ok. Tudo OK","2015-11-03 15:45:19"
"Muito rápido.","2015-11-03 15:44:40"
"Entrega responsável, dentro do prazo,produtos seguros e de ótima qualidade.","2015-11-03 15:46:59"
"Eu achei o site muito fácil de navegar e os preços da loja são justos.Recomendo sim
","2015-11-03 15:46:48"
"Entrega muito rápida!","2015-11-03 15:46:34"
"Mash poderia fornecer mais informações sobre seus produtos na página. Medidas, por exemplo.","2015-11-03 15:49:24"
"A vendedora nao sabe acrescentar e da muita opiniao, chata!!","2015-11-03 15:47:55"
"òtima !!! Entrega rápida eprodutos de qualidade.","2015-11-03 15:47:46"
"Só achei o frete muito caro!!","2015-11-03 15:51:55"
"Confirmação imediata após a compra, entrega rápida e eficiente.
Recomentdo.

Sueli","2015-11-03 15:52:17"
"Eu achei muito prático","2015-11-03 15:53:03"
"otima,entrega rapida, e entregua oque oferece","2015-11-03 15:52:53"
"Super atenciosa, a encomenda chegou bem rápida.","2015-11-03 15:56:31"
"Fácil de comprar, entrega rápida. Minha mãe disse que os entregadores foram muito gentis e levaram a ração até dentro de casa para ela.","2015-11-03 15:56:21"
"Adoro a loja, as vendedoras são super atenciosas.","2015-11-03 15:56:11"
"Ótima Loja, chegou bem antes do prazo, fora o descontão que ganhei. Estou muito satisfeito de ter comprado na Efácil devido ao valor que paguei (6x R$ 225,98). A vista era até mais barato.","2015-11-03 15:59:25"
"Eu achei muito bom.","2015-11-03 15:58:03"
"Eu achei muito bonito","2015-11-03 15:59:04"
"A loja é boa.","2015-11-03 16:00:27"
"oTIMO ACABAMENTO E BOM PREÇO","2015-11-03 16:02:20"
"Os potes amarelos que comprei não chegaram! Apenas as bisnagas e potinhos vermelhos. Não compro mais!","2015-11-03 16:02:45"
"Entrega super rápida.","2015-11-03 16:02:34"
"Muito atenciosos, respondem os email de forma imediata e atendem de forma satisfatória os clientes, comprarei novamente e sempre indico a loja,","2015-11-03 16:05:29"
"O processo de compra e o sistema de comunicação da Lojas Capixaba me deixaram tranquilo e seguro. Foram eficientes e atenciosos. Obrigado!
Minha primeira compra certamente será seguida por outras.","2015-11-03 16:08:00"
".","2015-11-03 16:05:11"
"otima","2015-11-03 16:08:00"
"Entrega dentro do prazo e atendimento excelente","2015-11-03 16:09:21"
"Empresa eficiente!","2015-11-03 16:12:13"
"ÓTIMO!","2015-11-03 16:10:41"
"Adoro essa loja, tanto física quanto online. Simplesmente perfeita.","2015-11-03 16:17:14"
"loja com excelente prazo de entrega e os produtos de primeira e muito bem embalados.","2015-11-03 16:16:06"
"Boa compra, rápida e segura!","2015-11-03 16:17:08"
"Entrega muito rápida.","2015-11-03 16:20:23"
"Sempre pontual e impecável distribuição!","2015-11-03 16:21:07"
"Recebi no prazo tudo ótimo....","2015-11-03 16:23:39"
"otimo","2015-11-03 16:23:54"
"Muito bom!!","2015-11-03 16:24:07"
"gostei muito espero comprar mais..","2015-11-03 16:26:10"
"LOJA EXCELENTE ENTREGA NOTA 10","2015-11-03 16:27:22"
"Gostei da loja, organizada e cumpre o prazo.","2015-11-03 16:29:53"
"ok","2015-11-03 16:31:22"
"Entrega super rápida. Menos de 48h após a compra.","2015-11-03 16:32:37"
"Loja sensacional! Rápidez e excelência. Minha primeira compra mas com certeza não será a última.
Nota 10!","2015-11-03 16:34:44"
"Boa","2015-11-03 16:33:56"
"Muito bom ","2015-11-03 16:36:20"
"Excelente","2015-11-03 16:37:52"
"A DruneShop sem sombra de dúvidas é uma das melhores lojas de perfumaria onde eu já comprei, se não a melhor... Atendimento e entrega perfeitos. Satisfação garantida.","2015-11-03 16:42:11"
"Eu adorei TODAS as peças q comprei!!! Adoro comprar na HONEYBE!!! :D","2015-11-03 16:38:18"
"ok","2015-11-03 16:42:07"
"Cumpriu com o prometido. Deveria cuidar  melhor com a transportadora contratada: pois a embalagem chegou avariada.","2015-11-03 16:43:06"
"bom","2015-11-03 16:42:07"
"eu adorei comprar na STAPLES","2015-11-03 16:43:28"
"loja super atenciosa! adorei! comprarei outras vezes.","2015-11-03 16:46:37"
"Ótimo! Tudo entregue dentro do prazo e conforme contratado!","2015-11-03 16:46:54"
"foi tudo certinho e entregue dentro do prazo. ","2015-11-03 16:48:10"
"10","2015-11-03 16:50:56"
"Ótima loja . O produto veio rápido e com todas as informações do rastreamento . Pude acompanhar todo o transporte .","2015-11-03 16:55:50"
"Entrega rápida loja segura","2015-11-03 16:52:24"
"Muito fácil o acesso ao site e minha avalio positivamente minha experiência nas compras.","2015-11-03 16:55:10"
"eu achei a loja muito prática,com produtos de qualidade e com uma garantia de satisfação ao cliente,respondem todas as dúvidas e são toda a informação necessária para o cliente","2015-11-03 16:58:02"
"Bom atendimento e produto.","2015-11-03 16:57:54"
"entrega rápida e boa qualidade","2015-11-03 16:58:44"
"Rapido e eficiente. recomendo.","2015-11-03 16:58:50"
"Desde a primeira que compra que me senti seguro, a loja é dez.","2015-11-03 17:01:03"
"ÓTIMA","2015-11-03 17:01:50"
"OTIMOS PRODUTOS, ENTREGA NO PRASO COMBINADO","2015-11-03 17:09:39"
"Muito jóia
As roupas são lindas...material bom!
E não demorou para chegar.","2015-11-03 17:05:40"
"ótimo, voltarei a comprar","2015-11-03 17:05:13"
" ótimo atendimento, compraria novamente ","2015-11-03 17:07:25"
"òtima loja para comprar","2015-11-03 17:09:32"
"ótimo","2015-11-03 17:09:14"
"Entrega dentro do prazo, recomendo o serviço!!","2015-11-03 17:15:49"
"Sempre que posso compro na Flaminga! Só roupas de qualidade e cai perfeitamente no corpo.Muito bom ter uma loja em que possamos confiar.","2015-11-03 17:19:10"
"Muitoprofissional o atendimento","2015-11-03 17:18:49"
"Ótimo vendedor, atencioso e com produto e preço muito bom no mercado ...
Recomendo a todos...","2015-11-03 17:19:31"
"Os produtos comprados chegaram no prazo estabelecido e em perfeitas condições. Se precisar comprarei outras vezes, com certeza.","2015-11-03 17:21:52"
"demorou bem mais que os 07 dias informados no site para receber a mercadoria e no final não fiquei satisfeito com a compra","2015-11-03 17:22:43"
"Entrega rápida e promoções muito boas!","2015-11-03 17:23:00"
"Gostei de ter comprado aqui. Foi fácil, rápido, seguro e o pedido chegou perfeito no prazo estipulado. Comprarei outra vezes. ","2015-11-03 17:26:03"
"otimo","2015-11-03 17:24:29"
"Só achei falho a entrega que me entregaram faltando um pacote e tive que ligar...","2015-11-03 17:27:32"
"O site para celular poderia ser melhorado, mas o atendimento on-line e via telefone para dirimir dúvidas foi muito bom. Espero agora ver como será a resposta a minha devolução dos produtos que não couberam.","2015-11-03 17:26:46"
"ótimo.","2015-11-03 17:29:21"
"depois que comprei soube que não tinha o produto, sendo as loja do shopping Anália Franco tinha o produto.  ","2015-11-03 17:33:23"
"Otima loja. Cumpri com o prazo. ","2015-11-03 17:33:56"
"fui enganado pela vendedora e supervisor comercial quanto a entrega o que acarretou em uma compra desastrosa.","2015-11-03 17:34:45"
"Excelente negocio, produto chegou rápido conforme eu escolhi.","2015-11-03 17:35:28"
"Procurei em varias lojas por um certo estilo de calçado e foi apenas na Black Boots onde encontrei, alem de uma imensa variedade, atendimento excelente e uma grande interatividade entre o cliente e a loja, sendo assim a não deixar nem uma duvida sobre os produtos disponibilizados.","2015-11-03 17:40:03"
"Uma entrega rápida...","2015-11-03 17:37:53"
"Ótima loja loja com um site fácil de navegar, facilidade no pagamento e frete. Produto muito bem embalado, recomendo a loja.","2015-11-03 17:38:01"
"Já compro há um tempo na loja. Recomendo.","2015-11-03 17:39:25"
"Facil de navegar, de comprar e chegou antes do prazo.","2015-11-03 17:40:17"
"Recomendo!!","2015-11-03 17:41:09"
"A compra foi fácil, entrega rápida.","2015-11-03 17:41:37"
"ótimo como sempre!","2015-11-03 17:41:36"
"Já sou cliente à algum tempo, e sempre fui muito bem atendido pela SOCD com produtos de qualidade e rapides na entrega","2015-11-03 17:45:49"
"A loja é boa,a única coisa que não gostei foi a demora para a postagem do produto e o preço do frete que é bastante salgado,estou acostumada a comprar em outras lojas online,e é longe de ser um frete com preço razoável! ","2015-11-03 17:46:11"
"Sempre sou muito bem atendida, e agilidade na entrega, bem embalados sem nenhuma alteração do produto, bem como quando há dúvidas meus e-mails são respondidos prontamente.","2015-11-03 17:46:31"
"cumpriu prazos corretamente","2015-11-03 17:48:04"
"LOJA 100%. ","2015-11-03 17:49:25"
"loja maravilhosa atendimento otimo","2015-11-03 17:56:03"
"Entrea na data certa.
","2015-11-03 17:52:43"
"excelente","2015-11-03 17:55:56"
"ÓTIMO!","2015-11-03 17:58:21"
"Super confiável esta loja para comprar!
Comprarei novamente!","2015-11-03 17:59:19"
"Quanto a loja achei eficiente, o processamento da compra demorou um pouco para minhas expectativas pois prometem 3 dias uteis mas embalar, emitir nota, postar foi quase uma semana.","2015-11-03 18:09:20"
"Atendimento excelente! O chat idem, tirou minhas dúvidas!!! Muito bom mesmo, e entrega idem, rápida também!! RECOMENDO SEM DÚVIDAS!","2015-11-03 18:00:57"
"Otimo","2015-11-03 17:59:12"
"Ótimo","2015-11-03 18:04:33"
"FÁCIL!","2015-11-03 18:05:27"
"Já tinha comprado na loja, veio tudo ok! Mas na minha última compra, deixou a desejar, não recebi o produto!","2015-11-03 18:05:53"
"Já comprei antes e gostei da experiência. Não tive nenhum tipo de problema, e as mercadorias chegaram sempre antes do prazo combinado. Muito bom!","2015-11-03 18:09:19"
"Muito fácil além da entrega rápida e segura. Como já conheço os produtos e tamanhos da loja física, sinto-me a vontade para comprar sem medo de errar.","2015-11-03 18:16:26"
"Ótimo Produto - Super. recomendo! ","2015-11-03 18:17:45"
"MUITO BOM","2015-11-03 18:18:15"
"Eu achei a loja muito boa, e a indicarei sempre que possivel.","2015-11-03 18:20:23"
"Gostei muito recomendo!!!","2015-11-03 18:20:52"
"site super confiável, já fiz várias compras, entrega no tempo certinho, tudo embalado, nota fiscal inclusa, garantia, só falta alguns brindes para os clientes que fazem compras direto (como eu) haa.","2015-11-03 18:23:52"
"Site muito bom , confiável, tem uma entrega rápida e informa as etapas da compra uma por uma.","2015-11-03 18:23:14"
"Entrega rápida, produtos bem embalados.","2015-11-03 18:22:44"
"Parabéns! Atendimento excelente e produto excelente. Recomento.","2015-11-03 18:26:07"
"Ótima loja, espero poder comprar outros produtos da Friopeças","2015-11-03 18:25:01"
"Muito fácil e com um bom preço e servicio","2015-11-03 18:26:54"
"otimo","2015-11-03 18:32:00"
"3","2015-11-03 18:35:00"
"otimo","2015-11-03 18:36:11"
"Atendimento exemplar e entrega super rápida! Super recomendo o site e foi minha primeira compra.","2015-11-03 18:40:10"
"para as primeiras impressões, muito bom .. produto com qualidade, dentro do que eu buscava, entrega no prazo, site fácil ... parabéns.","2015-11-03 18:41:18"
"Meninas atenciosas, atendimento mega especial! ","2015-11-03 18:40:24"
"Ótima , com qualidade e de confiança.
Entrega rápida !Muito boa mesmo !","2015-11-03 18:40:59"
"Excelente atendimento!! Prestativos!! Meus pedidos chegaram perfeitos!!! Amei!!!!","2015-11-03 18:42:21"
"exelemte loja recomendo","2015-11-03 18:47:39"
"Demora na entrega. qq outra loja virtual superar em 100% a Shoulder na entrega","2015-11-03 18:46:54"
"recomendo a todos loja muito segura 
","2015-11-03 18:49:56"
"BOM","2015-11-03 18:51:09"
"grato","2015-11-03 18:51:40"
"Recomendado!","2015-11-03 18:55:22"
"Comprei sem nenhuma orientação de terceiro. Mais tudo ocorreu conforme o estabelecido. Parabéns.","2015-11-03 18:56:49"
"Sou uma feliz cliente a mto tempo.Adoro!!!","2015-11-03 19:05:22"
"Compra tranquila e entrega rápida.","2015-11-03 19:02:22"
"Muito profissional, fácil e simples.","2015-11-03 19:10:50"
"Uma excelente assistência na compra, acompanhamento de entrega e retorno para troca. Parabéns!","2015-11-03 19:10:42"
"Gostei muito principalmente por poder retirar onde é melhor, atendimento muito bom.","2015-11-03 19:10:27"
"A compra no site foi uma experiência muito boa. Estou muito satisfeito pela possibilidade de comprar roupas que caem bem em mim pela internet, economizando tempo e dinheiro.","2015-11-03 19:14:16"
"MUITO BOM, JA COMPRE DUAS VEZES E DEVO COMPRAR MAIS.","2015-11-03 19:11:59"
"otimo","2015-11-03 19:17:01"
"Atendimento ótimo entrega rápida super recomendo!","2015-11-03 19:22:06"
"Muito boa esta loja, de confiança e entrega rapida","2015-11-03 19:23:15"
"otimo, rápida entrega e ganhei um brinde!! Obrigada, recomendo a todos!","2015-11-03 19:24:37"
"Bom!","2015-11-03 19:25:08"
"parabens ","2015-11-03 19:28:59"
"Compra tranquila e rápida entrega.","2015-11-03 19:32:05"
"Empresa séria, não demora nas postagens e seus produtos sairam em conta.","2015-11-03 19:34:59"
"sem problemas!","2015-11-03 19:35:27"
"Não foi a primeira vez que usei o site da loja Ponto Prime. Desde a primeira vez já havia ficado muito satisfeito, tanto com o produto adquirido, quanto a rapidez no atendimento e entrega do mesmo. E esta última compra não foi diferente. Indico à todos(as). Parabéns à toda equipe. ","2015-11-03 19:39:13"
"produto com excelente qualidade ","2015-11-03 19:37:18"
"Eu achei o produto muito bom.","2015-11-03 19:38:22"
"Entrega rápida e produto bem embalado. Recomendo!","2015-11-03 19:43:04"
"Perfeito, superou expectativas.","2015-11-03 19:49:52"
"como sempre muito boa!","2015-11-03 20:03:56"
"exelente","2015-11-03 19:53:43"
"ótimo 
muito rápido eficaz
parabéns.","2015-11-03 19:55:31"
"Entrega muito rápida.","2015-11-03 19:59:57"
"ótima","2015-11-03 20:00:50"
"muito boa","2015-11-03 20:03:41"
"Gostei muito principalmente pela entrega meu pedido checou antes da data espero que continue assim","2015-11-03 20:11:51"
"fácil rápido perfeito!!","2015-11-03 20:09:44"
"Produto de qualidade e entrega rápida.","2015-11-03 20:11:21"
"PRIMEIRA VEZ QUE COMPREI NO SITE, FUI AVISADO POR UMA VENDEDORA DA CIDADE GUARATINGA-BA(MARVILI) SOBRE A EDIÇÃO ESPECIAL E O SITE. MUITO EFICIENTE A VENDEDORA E O SITE, ENTREGA RÁPIDA.","2015-11-03 20:15:45"
"bom","2015-11-03 20:18:33"
"Preço dentro do mercado e entrega SUPER rápida.","2015-11-03 20:20:46"
"Loja entregou dentro do prazo, entrou em contato para sanar um problema. Recomendo!","2015-11-03 20:22:19"
"excelente! recomendo!","2015-11-03 20:26:54"
"Muito boa loja, entrega rápida.","2015-11-03 20:28:34"
"Já o fis na pagia anterior.","2015-11-03 20:36:15"
"Entrega rápida. Muito bom.","2015-11-03 20:37:35"
"Produto ","2015-11-03 20:42:31"
"Otimo","2015-11-03 20:45:23"
"Otima","2015-11-03 20:49:11"
"é a segunda compra, muito bom..","2015-11-03 20:50:12"
"Mutcho loko","2015-11-03 20:49:57"
"Demorou mas valeu a pena","2015-11-03 20:51:54"
"Perfeito, entrega conforme o combinado,muito bem embalado. Já estou me programando para próxima compra.","2015-11-03 21:04:43"
". ","2015-11-03 20:55:44"
"Entrega super rápida!!","2015-11-03 21:00:35"
"Entrega rápida e informação de posição do pedido sempre a mão para o cliente. Parabéns! ","2015-11-03 20:57:21"
"muito bom","2015-11-03 21:04:37"
"Rápida e eficiente !","2015-11-03 21:05:27"
"Rápido e prático","2015-11-03 21:10:35"
"ótimo!","2015-11-03 21:11:30"
"Muito bom, rapido e pratico! Recomendo! ","2015-11-03 21:11:29"
"A experiência foi muito boa, com exceção dos pontos abaixo:
- o saco de tomate chegou com um tomate estragado, aberto e com fungos, contaminando todo o saco. Gostaria de ser ressarcido ou receber o produto novamente!
- 2 itens não foram entregues pois estavam em falta. O concorrente, extra.com, nestes casos, me liga antes da entrega para perguntar se pode trocar por outro produto similar.","2015-11-03 21:12:58"
"Achei lindo!!","2015-11-03 21:17:15"
"ótima loja.....recomendado","2015-11-03 21:18:08"
"Òtima loja.....recomendo","2015-11-03 21:20:03"
"Compra foi entregue com rapidez e o produto era exatamente como publicado.","2015-11-03 21:22:14"
"que poderia ser enviada amostras da mesma linha do produto comprado","2015-11-03 21:22:22"
"Não Recebi os produtos","2015-11-03 21:22:26"
"Entrega dentro do prazo. Primeira experiência de compra e foi tudo ok. ","2015-11-03 21:29:36"
"Bem cômodo.","2015-11-03 21:32:39"
"MUITO GRANDE, POR SER FEMININA","2015-11-03 21:31:41"
"comprar nessa loja é muito confiável
eu recomendo.
","2015-11-03 21:35:50"
"chegou muito rapido, adorei a loja!","2015-11-03 21:44:02"
"Boa loja, recomendo!","2015-11-03 21:43:50"
"Mais comprido nas costas mas da pra diminuir","2015-11-03 21:55:00"
"Corresponderam as expectativas de entrega no prazo certo.","2015-11-03 21:55:02"
"Bom.","2015-11-03 21:55:49"
"Adoreiii .. muito rápido a entrega .. produtos ótimos ... primeira compra de muitas outras","2015-11-03 21:55:44"
"a melhor.
","2015-11-03 22:00:51"
"otimo","2015-11-03 22:02:02"
"Loja maravilhosa, com entrega rápida.","2015-11-03 22:03:28"
"Negociação 100%. Produto de qualidade e entrega super rápida. Recomendo.","2015-11-03 22:04:39"
"Fui bem atendida, a vendedora foi muito atenciosa.","2015-11-03 22:04:23"
"Satisfeito com tudo, desde a entrega.","2015-11-03 22:05:33"
"Rapido em todos os aspectos, confirmação, despacho e entrega. Gostei!!!","2015-11-03 22:05:58"
"sem problemas para aquisição,embora tenha demorado um pouco a chegar,recomendo.","2015-11-03 22:10:22"
"Ótimo","2015-11-03 22:09:26"
"Site excelente< so tenho uma oportunidade de melhoria.
Recebi cada atualização sobre o pedidos via e-mail, interessante seria se tivesse o ststus do pedidos no próprio site.
tipo. Pedido aguardando pagamento, pedido em separação etc...
Só sugestão mesmo!
no mais 
Muito bom e recomendei aos meus amigos ","2015-11-03 22:13:07"
"Tranquilo, sem nenhum problema.","2015-11-03 22:14:07"
"tênis com bons preços e entrega muito rápida.... recomendo a todos!","2015-11-03 22:21:57"
"eu achei que as vendedoras ficam em cima do cliente empurrando coisas que  não foram pedidas, forçando a situação da compra. toda vez que eu tentava sair do provador a vendedora vinha com uma pilha de peças que não foram solicitadas, e mesmo qdo estava passando no caixa ficava me questionando sobre cada peça q eu havia visto e não estava levando. ","2015-11-03 22:25:07"
"Bem Atenciosos, e entrega, conforme o combinado, eu recomendo.","2015-11-03 22:24:21"
"tambem   foi otimo","2015-11-03 22:29:39"
"Bom atendimento.","2015-11-03 22:28:46"
"Ótima loja e entrega rápida!!!!","2015-11-03 22:28:26"
"rapido legal","2015-11-03 22:30:49"
"Muito bom","2015-11-03 22:31:18"
"Comprarei novamente!!","2015-11-03 22:32:45"
"A loja muito boa, simples e entrega rápida.","2015-11-03 22:35:22"
"
Eu adoro comprar com vocês, acho os produtos que eu quero, tanto que estive na Argentina, e comprei os produtos com vocês quando voltei. O meu email era outro carmenregina475@gmail.com, só que usaram sem minha autorização ,e eu tive que mudar.Ainda ontem recomendei a uma amiga que entrasse em contato com vocês para comprar um perfume que ela não achou aqui em B.C. ","2015-11-03 22:38:13"
"ótimo","2015-11-03 22:40:32"
"Muito boa impressão da loja.","2015-11-03 22:42:24"
"Ótimo custo benefício, a quantidade de névoa me surpreendeu, melhorou muito a umidade do quarto onde meu filho dorme, acabou os sangramentos do nariz devido o ar seco.","2015-11-03 22:45:37"
"Meus elogios:
1) Entrega rápida e eficiente, apesar da idade do Sr que a fez, pois não aguentava o peso dos pacotes e jogava os mesmos com força no chão.
2) Materiais de muito boa qualidade.
Minhas reclamações:
1) A porta do roupeiro veio empenada e ficou feio no guarda roupa, pois o mesmo é de excelente qualidade. Gostaria da substituição apenas da porta do roupeiro.
2) Nas fotos não aparecem buracos ou marcas de parafuso nas partes da frente e de trás do berço, porém existem 12 buracos/parafusos atrás e mais 12 buracos/parafusos a vista na frente, num total de 24 buracos/parafusos que as fotos não mostram. Comprei em parte pela estética e fiquei um pouco arrependido.
RESUMO:
-Retornaria a comprar na Lebes, desde que realizadas pelo menos a substituição da porta do meu roupeiro.","2015-11-03 22:49:37"
"Eficiente no envio. produto de qualidade.","2015-11-03 22:49:57"
"Prático, eficiente e muito rápida a entrega.","2015-11-03 22:54:00"
"Entrega dentro do prazo e grande zelo pela qualidade do produto desde a embalagem externa como interna. Ótimo....","2015-11-03 22:57:47"
"Otimo site muito facil","2015-11-03 22:56:09"
"O atendimento é rápido e de primeira qualidade vale a pena conferir.","2015-11-03 22:58:39"
"A entreg foi rápida, e em uma caixa bastante simpática.","2015-11-03 23:02:49"
"Entrega rápida, produtos cuidadosamente embalados.Muito bom!","2015-11-03 23:05:18"
"Empresa correta cumpriu com o prazo
","2015-11-03 23:10:27"
"muito bom!","2015-11-03 23:14:02"
"Entrega dendro do prazo estipulado. 10 para loja","2015-11-03 23:22:17"
"gostei. foi tudo rápido e prático.","2015-11-03 23:21:06"
"Apesar de ter havido um imprevisto, a solução dada pela loja foi correta e rápida. Gostei muito. Recomendo. ","2015-11-03 23:21:15"
"Eu achei bom","2015-11-03 23:25:02"
"boa ","2015-11-03 23:33:05"
"Gostei de comprar,inclusive o site ja foi indicado para outras pessoas.Houve este problema com o timer esta em curto e não funcionar.Mas vou aguardar uma posição do representante da loja,para solucionarmos o problema.No mais,os outros produtos chegarm pefeitamente,e muito bem embalados.","2015-11-03 23:36:29"
"tudo certo","2015-11-03 23:33:49"
"Gostei da agilidade no processo logístico.","2015-11-03 23:36:15"
"Compraria no","2015-11-03 23:44:16"
"Muito prática a compra pelo site.","2015-11-03 23:39:29"
"eu gostei do produto e do tempo da entega","2015-11-03 23:39:18"
"Essa loja é nota mil, atendimento de qualidade, entrega rápida, com certeza volto a comprar.","2015-11-03 23:45:35"
"Compraria de novo","2015-11-03 23:38:23"
"Perfeito de otima qualidade!!","2015-11-03 23:39:43"
"ótimo","2015-11-03 23:40:43"
"ainda não recebi","2015-11-03 23:41:04"
"Entrega rápida e o produto veio correto","2015-11-03 23:41:53"
"Entrega feita no prazo certo e sem problemas com a mercadoria","2015-11-03 23:54:35"
"gotei muito rapido","2015-11-03 23:51:25"
"Compra efetuada atraves do site sem problemas, entrega sem problemas, um produto nao conforme com as medidas apresentadas no site.","2015-11-03 23:56:02"
"Excelente","2015-11-03 23:56:25"
" boa ","2015-11-03 23:58:58"
"Muito ra","2015-11-03 23:59:38"
"Fácil e rápido, entrega dentro do prazo, muito bom.","2015-11-04 00:01:56"
"atendimento eficiente é aquele que não temos nem percebemos o tempo passar entre o pedido e o recebimento e foi isso que acontece, fora que recebi constantemente status da minha compra.
obrigada","2015-11-04 00:02:30"
"Boa qualidade e rapida entrega. RECOMENDO!!","2015-11-04 00:05:38"
"super atenciosos, loja de parabéns","2015-11-04 00:08:36"
"gostei bastante, informações precisas do andamento e entrega pontual. Recomendo","2015-11-04 00:10:09"
"adorei ter a surpresa de ter um bônus de $100,00, isso me estimulou a comprar.","2015-11-04 00:12:40"
"como ja estou cansada de dizer,o,pedido que fiz veio trocado eu queria esse que esta aparecendo,mas veio outro,ficarei com o outro para não causar aborrecimentos futuros.","2015-11-04 00:22:01"
"Surpreendeu-me. A entrega foi muito rápida. E olhe que foi para o Nordeste (Paraíba). ","2015-11-04 00:20:58"
"Fiquei  impressionado com tanta qualidade de atendimento – achei que estava em “outro mundo” – Parabéns Polipartes!","2015-11-04 00:38:43"
"Tudo correu como acertado.","2015-11-04 00:34:59"
"Foi fácil comprar na loja virtual. O tempo de entrega quase me fez desistir da compra. O bom é que chegou antes desse prazo.","2015-11-04 00:36:04"
"Loja excelente, muito rapido no processamento e envio do pedido, superou minhas expectativas. Recomendo a todos e espero fazer novas compras...","2015-11-04 00:39:17"
"nao chegou demora muito","2015-11-04 00:35:03"
"Recebi meu pedido sem problema algum,o codigo de rastreio é sempre atualizado.","2015-11-04 00:38:10"
"Excelente loja ótimos preços ","2015-11-04 00:42:18"
"Chegou no prazo.","2015-11-04 00:45:13"
"Otimo atendimento.","2015-11-04 00:51:06"
"Gostei da pontualidade na entrega, da qualidade dos produtos, em especial dos perecíveis (comprei poucos para fazer a experiência sobre a qualidade, já que não os escolheria pessoalmente).  Só não atribuo a nota 5 porque acho que a entrega deveria ser gratuita em compras com valor menor a R$ 400,00. Obrigada.","2015-11-04 00:57:41"
"atraso na entrega até hoje não recebir meu produto","2015-11-04 01:00:14"
"Entrega antes do prazo,  ótimo produto e menor preço do mercado ","2015-11-04 01:03:00"
"Fácil de comprar, entrega rápida e segura! Recomendo!","2015-11-04 01:02:53"
"Empresa nível A! Ótimo serviço de atendimento ao consumidor, quem dera mais empresas dessem a devida atenção ao cliente com a staples ","2015-11-04 01:18:52"
"Otima loja, produto conforme o anunciado cumpriu os prazos de entrega.","2015-11-04 01:20:35"
"mto bom entrega muito rapida depois de aprovar o pedido","2015-11-04 01:24:40"
"excelente loja,preço e entrega perfeitos","2015-11-04 01:30:22"
"muito bom","2015-11-04 01:31:19"
"A loja realiza a entrega com rapidez e atendimento muito bom!","2015-11-04 01:32:41"
"Loja séria entregou dentro do prazo,porém  demora bastante.","2015-11-04 01:35:29"
"eu achei  otimo","2015-11-04 01:36:24"
"Foi tudo ótimo. Obrigada","2015-11-04 01:37:49"
" Foi bastante simples comprar. 
gostei muito.","2015-11-04 01:47:27"
"Excelente!","2015-11-04 01:46:09"
"A entrega da World Tenis foi o ponto forte da compra. Finalmente uma loja que leva o cliente a sério. ","2015-11-04 01:46:49"
"Muito atenciosos. Excelente loja!","2015-11-04 01:50:43"
"A loja tá de parabéns!! a entrega foi super rápida, o produto chegou quando mesnos esperava de tão rápido PARABÉNS FRIOPEÇAS!!","2015-11-04 02:06:16"
"Não confiável.","2015-11-04 02:14:38"
"bom atendimento.","2015-11-04 02:16:50"
"Foi muito rápida a entrega gostei muito de comprar com vcs obrigada ","2015-11-04 02:23:37"
"A compra foi ótima. Bom preço, fácil de comprar e chegou beeem rápido. Foi fácil de montar o kit e tudo veio em perfeito estado.","2015-11-04 02:29:13"
"muito bom","2015-11-04 02:47:43"
"bom","2015-11-04 03:05:41"
"bom","2015-11-04 03:09:02"
"Uma das melhores lojas que já comprei. Atendimento nota 10, e chegou 2 dias antes do prazo estipulado. ","2015-11-04 03:25:04"
"muito boa, atende bem os clientes. loja muito seria.., Eu recomendo,","2015-11-04 03:37:32"
"Entrega rápida, porém adquiri 2 peças de um mesmo produto e recebi apenas 1 peça com o valor total das 2. Entrei em contato por telefone e a loja ficou de enviar a peça faltante imediatamente.","2015-11-04 04:04:00"
"Minha segunda compra na muralshoes,
ótima loja, sempre quando preciso dar um presentinho compro aqui","2015-11-04 04:08:40"
"recomendo comprar nessa loja, é de confiança.","2015-11-04 04:51:14"
"pra ficar melhor na polishop com vc poderia ter lista de casamento!","2015-11-04 06:14:00"
"Maravilhosa! Chegou tudo no tempo certo e bem embalado.","2015-11-04 07:05:23"
"otimo","2015-11-04 09:00:06"
"Adorei a eficiência da loja, entrega rápida e sem cobrar frete.
Parabéns!","2015-11-04 12:49:09"
"EU ACHEI ÓTIMO CHEGOU RAPIDINHO, AGORA SO VOU COMPRAR NA LOJA ONLINE","2015-11-04 09:04:58"
"A entrega demorou, mas o produto chegou embalado e lacrado","2015-11-04 09:29:23"
"otimo","2015-11-04 09:29:00"
"Eu achei excelente, funcionário Fernanda atendeu muito bem.","2015-11-04 09:30:22"
"Ótimo produto, funcionou perfeitamente!","2015-11-04 09:32:08"
"Otimo","2015-11-04 09:43:49"
"Perfeita... A unica parte n muito legal é que mesmo dpois de varias compras ainda nao consigo acertar as datas de melhor compras...que tenha mais numeracao dos produtos que desejo...mas interpreto isso como muita venda da loja.. Ja estive em.nova Friburgo e conheco pessoalmente a loja... Que so vende virtual...","2015-11-04 09:52:52"
"Otima","2015-11-04 09:59:33"
"muito seria a empresa recomendo a todos","2015-11-04 10:01:28"
"Envio super rapido, facil contato com a loja, porem o produto não oi o esperado com a foto ilustrativa.","2015-11-04 10:13:36"
"Entrega rapida","2015-11-04 10:21:18"
"Boa, entrega no prazo.","2015-11-04 10:23:29"
"Entrega rápida e muitas opções de compra, recomendo.","2015-11-04 10:26:39"
"Produto Otimo!!
Cabelos incriveis!!","2015-11-04 10:28:25"
"Ótimo atendimento.
Recomendo a loja à outras pessoas.","2015-11-04 10:30:32"
"Otimo","2015-11-04 10:31:10"
"PERFEITO! Rápida a entrega e correta.","2015-11-04 10:31:41"
"GOSTEI MUITO DE TER COMPRADO COM MAARQUINHOS MOTOS,POR PROPORCIONAR SEGURANÇA E QUALIDADE NO SERVIÇO.","2015-11-04 10:33:30"
"sem problemas","2015-11-04 10:38:33"
"Ótimo","2015-11-04 10:49:49"
"Rápido, eficiente e confiável. Recomendo!","2015-11-04 10:50:21"
"Atendimento rápido e eficaz.","2015-11-04 11:01:47"
"Péssimo","2015-11-04 11:04:25"
"Muito facil de efetuar a compra, rapida entrega, otimo serviço!!!!","2015-11-04 11:07:22"
"Site de fácil acesso. O meu pedido chegou muito rápido.
Adorei!!!","2015-11-04 11:08:28"
"Muito bom mesmo, estou pensando em comrar mais pares.","2015-11-04 11:10:25"
"Muito bom super rapido","2015-11-04 11:15:06"
"Fácil, rápido e entrega rápida. Sem qualquer problema.","2015-11-04 11:26:30"
"Atendimento perfeito, comprei por engano um número menor, precisei trocar, o que foi efetuado sem nenhum problema.
Obrigada Shoulder pelo atendimento excelente!","2015-11-04 11:34:15"
"Muito rapido e otima competencia...","2015-11-04 11:33:16"
"sapato prático de calçar e combinar estilos. além disso confortável.","2015-11-04 11:35:56"
"Desconhecia o site Super Muffato, no entanto, tive uma EXCELENTE experiência de compra.
O produto que comprei na Loja Muffato estava com o preço mais BAIXO do mercado. O site é simples e fácil de comprar. 
A entrega foi incrível. Comprei com envio normal e em 3 dias estava na minha casa ! Fiquei muito surpreso. 
Em fim, concerteza voltarei a comprar no Muffato. Preço baixo e entrega rápida é tudo que um cliente deseja! ","2015-11-04 11:43:35"
"Fui muito bem atendida por funcionárias, a loja bem organizada e confortável, mas para minhas necessidades pessoais gostaria que pensassem em desconto maior para pagamento à vista.","2015-11-04 11:43:44"
"Qualidade excelente, muito fácil de aplicar.","2015-11-04 11:45:49"
"muito boa compra e entrega superou as espectativas.","2015-11-04 11:52:33"
"Ótimo! Entregaram tudo certinho e super rápido. Além disso, o preço estava muito bom e o brinde também valia muito a pena.","2015-11-04 11:57:17"
"Excelente.","2015-11-04 11:57:43"
"Excelente! Preço bom e entrega rápida.","2015-11-04 11:59:15"
"Parabéns, a entrega foi super rápida e tudo chegou corretamente.","2015-11-04 12:04:28"
"EXCELENTE ATENDIMENTO","2015-11-04 12:03:17"
"Muito rápido!!!","2015-11-04 12:10:37"
"Tivemos um problema na entrega devido aos correios, mas a loja foi muito prestativa em tentar solucionar a questao, inclusive com remessa de outro produto. O contato telefonico tambem foi excelente e tambem via email. O pós venda foi muito bom!","2015-11-04 12:15:21"
"Entrega rápida e sem complicações!","2015-11-04 12:13:16"
"Bom","2015-11-04 12:14:31"
"Pessoal atencioso e preocupado com o bom atendimento. Vale a pena comprar com eles!!","2015-11-04 12:15:28"
"Excelente produto. ","2015-11-04 12:14:45"
"Otimo","2015-11-04 12:15:25"
"Fiz meu cadastro na loja, com todos os detalhes exigidos (tipo nome completo, complemento, etc) mas os correios não tiveram como me encontrar porque meu nome veio, no pacote, pela metade.Quando fui a agencia buscar, me exigiram comprovante de residencia, porque Alba Alves, existe muitas. Eu, com câncer e proibida de pegar sol tive que me sujeitar aos incômodos por causa da incompetência dos funcionários da Colombo. Compras nessa loja... nunca mais.","2015-11-04 12:26:01"
"AMO MUITO, A COLEÇÃO DE 2016 ESTA DE ARRASAR CORAÇÕES. ","2015-11-04 12:23:13"
"A entrega e o atendimento da Super Muffato,  são excelentes. Chegou tudo rapidamente  e em ordem. Agradeço a oportunidade de dar minha opinião.","2015-11-04 12:22:45"
"atendimento top","2015-11-04 12:23:11"
"Ótima! Entrega rápida, segura, e produtos bem embalados, chegam em perfeito estado.","2015-11-04 12:25:41"
"òtimo atendimento e envio super rápido.","2015-11-04 12:26:08"
"Regular ","2015-11-04 12:28:16"
"Compra muto boa, atendimento muito, quanto ao envio só precisa informar quando da entrega a transportadora para podermos fazer um acompanhamento melhor.","2015-11-04 12:31:07"
"CONFIAVEL E SEGURO NO DIA A DIA ","2015-11-04 12:29:32"
"Muito rapido na entrega ","2015-11-04 12:30:05"
"sempre entrega no prazo, tudo certinho, perfeito!","2015-11-04 12:30:22"
"rápido e sem problemas","2015-11-04 12:30:46"
"gosto muito dos produtos , ire comprar novamente... ","2015-11-04 12:33:05"
"Excelente! Tudo foi feito e entregue perfeitamente!","2015-11-04 12:32:06"
"Rapido
","2015-11-04 12:32:28"
"nota dez o recebimento","2015-11-04 12:33:31"
"adorei ...fui bem atendida, apesar de ter ocorrido um defeito em uma sapatilha, fui atendida prontamente e enviaram o valor para troca...
muito bem atendida.","2015-11-04 12:35:38"
"GOSTEI VOLTAREI A COMPRAR.","2015-11-04 12:35:13"
"gostei muito do produto...","2015-11-04 12:34:48"
"Site confiável e comprometido com o envio do produto!","2015-11-04 12:35:17"
"Bom","2015-11-04 12:36:57"
"Achei fácil de comprar na loja e os preços são bons.","2015-11-04 12:35:53"
"A loja virtual é em resumo de ótimo atendimento.","2015-11-04 12:40:31"
"Ótimo","2015-11-04 12:38:10"
"Rápido, fácil e confiável! Super recomendo!","2015-11-04 12:38:57"
"Ótima s loja. A entrega foi muita rápida e tudo aconteceu conforme o combinado.","2015-11-04 12:40:41"
"Entrega rápida. Produto ok
","2015-11-04 12:40:08"
" Eu achei o atendimento rápido, depois da compra fui informada todos os dias do processo de envio, perfeito.","2015-11-04 12:41:00"
"Eu achei que a entrega poderia ser mais rápida, pois além do prazo do correio (que embora foi muito rápido) a loja determina quatro dias antes de encaminhar o produto após a confirmacão do pagamento.","2015-11-04 12:43:01"
"Okay, só falta um atualização mais rápida do status do pedido","2015-11-04 12:41:51"
"Foi minha primeira compra na Way Tenis. Compra tranquila, fácil e a entrega rápida. Adorei a experiência. Agora passei a ser cliente Way Tenis. ","2015-11-04 12:44:54"
"Lojq excelente, com variedade e entrega rápida.","2015-11-04 12:41:00"
"maravilhoso","2015-11-04 12:40:46"
"Gostei muito do atendimento, confiável
Recomendo!","2015-11-04 12:42:17"
"bom atendimento.
","2015-11-04 12:42:20"
"Mto bom","2015-11-04 12:42:34"
"Sempre pontual, o que é ótimo.","2015-11-04 12:44:09"
"A Loja é de confiança e recebi no prazo combinado!","2015-11-04 12:43:26"
"interessante, me iludi, mas acho que nao tenho coragem de comprar novamente.","2015-11-04 12:57:41"
"Muito bom, rápido e eficiente. ","2015-11-04 12:44:34"
"muito rapida a entrega","2015-11-04 12:46:44"
"Compra muito fácil de fazer e a entrega foi feita antes do prazo estabelecido. Excelente!","2015-11-04 12:46:02"
"Excelente loja, sei que não é o foco principal, mas gostaria que tivesse uma gama maior de produtos retrô.","2015-11-04 12:46:07"
"e quanto a compra na loja fui muito bem atendida o produto chegou dentro do prazo estabelecido e a cada movimentação feita no meu pedido eu era informada gostei muito. obrigado pelo bom atendimento","2015-11-04 12:49:00"
".","2015-11-04 12:46:07"
"O prazo surpreendeu chegando muito antes do que eu imaginava, 100% seguro voltearei a comprar sem duvidas.","2015-11-04 12:46:57"
"Fácil e prático!","2015-11-04 12:47:52"
"Entrega rápida e ótimo atendimento. Parabéns! ","2015-11-04 12:47:54"
"rastreamento pouco impreciso, pois não informa onde sua encomenda está, porém chegou rápido, recomendo.","2015-11-04 12:48:29"
"Como já respondi anteriormente, a única reclamação é sobre a segurança das embalagens...","2015-11-04 12:48:05"
"Entrega foi rápida, mas meu produto veio quebrado. Desisti da compra. Quero ver se cancelarão minha compra com cartão de crédito.","2015-11-04 12:49:23"
"SHOW.","2015-11-04 12:47:37"
"Excelente","2015-11-04 12:49:06"
"loja muito seria, entregou no prazo previsto , mercadoria conforme o especificado no anuncio, eu recomendo.
","2015-11-04 12:58:44"
"bom","2015-11-04 12:50:09"
"tranquilo, so pdoeria permitir eu gerenciar melhor meu perfil, sem precisar de solciitar o codigo de acesso pro email, prefiro ter uma senha fixa","2015-11-04 12:51:13"
"Adorei !  O site atendeu no prazo. Com certeza efetuarei outras compras. Super recomendo.","2015-11-04 12:51:54"
"otimo","2015-11-04 12:51:33"
"Demora um pouquinho para entregar. Mesmo assim já comprei outro e estou ansiosa para que chegue logo !","2015-11-04 12:52:24"
"Este é o segundo pedido que faço e tive um ótimo serviço, tanto de entrega dentro do combinado, como de qualidade nos produtos.
Adoro os mimos que nos são dado junto às nossas compras.
Super recomendo!!!!!","2015-11-04 12:53:27"
"Eficiente e eficaz.","2015-11-04 12:52:14"
"Entrega rápida e facilidade na hora de comprar. ","2015-11-04 12:52:45"
"Site diversificado, apresenta bastante informações a cerca dos produtos, fácil e ágil para comprar. Entrega como estimado.","2015-11-04 12:54:04"
"Tudo certo, só a demora para despachar o produto. 
mais recomendo para todos comprarem. 
ótimo preço.","2015-11-04 12:53:58"
"estão de parabéns, o produto chega no prazo estabelecido, com qualidade. u trabalho muito bacana.","2015-11-04 12:54:56"
"Compra realizada com facilidade e entrega garantida","2015-11-04 12:53:34"
"Muito rapido para chegar, otima loja.","2015-11-04 12:54:55"
"Entrega rápida, produto corresponde às expectativas.","2015-11-04 12:53:58"
"Loja confiável, entrega rápida. ","2015-11-04 12:55:15"
"simples e rápido","2015-11-04 12:54:21"
"bom tratamento e rápida a entrega","2015-11-04 12:55:30"
"A Taco, como sempre, tem um atendimento ótimo!","2015-11-04 12:55:52"
"Só elogios, meus parabens, assim que possivel adquirirei novos produtos, e muito obrigado por tudo, wmpassos.","2015-11-04 12:56:27"
"Muito Bom, atendimento excelente","2015-11-04 12:56:06"
"perfeito o atendimento, fui sempre muito bem atendida com satisfação e educação pelas vendedoras e gerência muito prestativa","2015-11-04 12:58:12"
"Ótimo atendimento, suporte pelo chat fantastie entrega antes do prazo !!! Parabéns!!!","2015-11-04 12:59:04"
"Entrega rápida e excelente comunicação.","2015-11-04 12:57:23"
"Tem produtos excelentes entrega super rápida!! ","2015-11-04 12:58:06"
"Já comprei várias vezes nesta loja, recomendo fortemente, nunca tive problemas e os produtos são muito bons e confortáveis. Creio que seria legal ter números 1/2, tipo 38 1/2.","2015-11-04 12:59:05"
"Rapida!","2015-11-04 12:58:03"
"Entrega super rápida e gostei do brinde. Mas deveria expor melhor seus produtos. ","2015-11-04 12:58:46"
"Loja como sempre entregou na minha casa em BH no dia seguinte com e-sedex.","2015-11-04 12:58:45"
"excelente!!!
","2015-11-04 12:58:27"
"Muito boa!","2015-11-04 12:59:17"
"entrega muito rápida","2015-11-04 12:59:47"
"bom","2015-11-04 13:59:40"
"Gostei da rapidez no atendimento. Com certeza farei mais compras!","2015-11-04 13:00:17"
"ENTREGA SUPER RAPIDA, CHEGOU TUDO CERTINHO, EXCELENTE QUALIDADE, PRECO BOM.

SUPER INDICO","2015-11-04 13:05:39"
"foi facil e rapido","2015-11-04 13:01:14"
"Ótima","2015-11-04 13:00:47"
"ótimo","2015-11-04 13:01:05"
"Infelizmente eu não recebi um dos produtos que pedi. Na verdade, ele foi substituído por outro com quantidade bem menor. Apesar de terem o mesmo valor, eu não pedi isso e acho uma falta de respeito trocarem o produto que pedi sem a minha consulta primeiramente. Já enviei email para a loja reclamando do ocorrido, mas não obtive resposta até o momento.","2015-11-04 13:04:46"
"Sistema de compra e entrega perfeitos","2015-11-04 13:02:01"
"foi boa","2015-11-04 13:01:41"
"parabens pela rapidez na entrega, produto entregue na data correta,","2015-11-04 13:03:27"
"Fui muito bem atendida pela vendedora e pela gerente","2015-11-04 13:02:56"
"demora um pouquinho mas o produto chegou em perfeito estado.","2015-11-04 13:03:01"
"Fiz minha compra no dia 16/10 mas a entrega não foi feita ainda! Continuam alegando que a Loreal não fez a entrega e por isso não tinham estoque, que o pedido se encontra em trânsito, mas o fato é que eu contava com a entrega do pedido até em 5 dias úteis e ainda não chegaram. Nunca mais comprarei na loja. E se os produtos não chegarem hoje, vou pedir o reembolso ou entrar na justiça.","2015-11-04 13:06:19"
"Além da entrega super rápida, o capricho com que mandam os produtos é realmente um diferencial. As roupas são de ótima qualidade e tamanho condizente com o que esperado. Adorei a experiência de compra e com certeza voltarei a comprar novos itens.","2015-11-04 13:04:31"
"Recomendo","2015-11-04 13:03:23"
"Tudo dentro da normalidade. Nada contra. Parabéns.","2015-11-04 13:04:58"
"Muito ágil e profissional! Vou recomendar aos amigos a loja ","2015-11-04 13:04:19"
"Excelente","2015-11-04 13:04:23"
"Presente","2015-11-04 13:05:50"
"Foi minha primeira compra pelo site, me surpreendeu, comprei de manhã e à tarde já estavam entregando.","2015-11-04 13:09:13"
"SENSASIONAL!!!

EXCELENTE MATERIAL","2015-11-04 13:06:24"
"Loja facil de realizar compras, entrega dentro do prazo e sem nenhum problema com a mercadoria. ","2015-11-04 13:08:08"
"muito boa","2015-11-04 13:10:36"
"Não gostei do prod","2015-11-04 13:10:42"
"chegou rápido, material de ótima qualidade","2015-11-04 13:11:42"
"Excelente, loja! Entrega dentro do prazo, rapidez na aprovação do pedido e satisfação no trato com o cliente!","2015-11-04 13:11:45"
"Excelente.","2015-11-04 13:12:20"
"Eu achei que foi otimo, não tive problemas com a loja e chegou em tempo.

Obrigada!","2015-11-04 13:13:06"
"Adoro o atendimento e qualidade dos produtos","2015-11-04 13:13:56"
"Loja cumpre o que promete no atendimento e rapidez de entrega","2015-11-04 13:13:25"
"foi tudo otimo. entrega no prazo e comodidade na compra. Assim que se fizer necessario, volterei a comprar. obrigada.","2015-11-04 13:18:59"
"Entregou antes do prazo o produto.","2015-11-04 13:15:34"
"Excelente atendimento indicaria para qualquer pessoa","2015-11-04 13:16:15"
"muito bom, com certeza recomendarei!","2015-11-04 13:15:59"
"Eu amei, vcs ganharam uma cliente com ctz, os preços são ótimos, produtos bons, atendimento ótimo e entrega ágil. Parabéns pelo comprometimento com os clientes, e continuem assim!","2015-11-04 13:17:44"
"Agilidade e muito bacana o sistema de rastreamento e acompanhamento do produto até o destino final!
Vou comprar mais!!!!","2015-11-04 13:18:25"
"a loja é ótima com diversas coisas para escritório","2015-11-04 13:18:24"
"Preço bom, entrega rápida e chegou antes do esperado.
Recomendo!","2015-11-04 13:18:44"
"otimo","2015-11-04 13:19:38"
"Otima Loja. Comprei e chegou super rápido. Confiavel. ","2015-11-04 13:20:25"
"Muito bom","2015-11-04 13:20:02"
"NÃO CHEGOU NA DATA PREVISTA.","2015-11-04 13:21:49"
"Chegou rápido! Ótimo produto!","2015-11-04 13:21:45"
"Adoro comprar com vocês,tudo maravilhoso.
","2015-11-04 13:21:41"
"Gostei!","2015-11-04 13:23:00"
"Certamente farei novas compras, produtos de alta qualidade, ótimos preços e um pós - venda muito atencioso!","2015-11-04 14:01:47"
"A compra foi boa e rápido todo o processo no site.Recomendado a todos os interessados.
","2015-11-04 13:24:09"
"ótima loja, a entrega poderia ser mais rápida, mas foi ok.","2015-11-04 13:24:46"
"otimo","2015-11-04 13:23:59"
"Compra perfeita! Chegou bem antes do previsto! Parabens equipe meu salão! ","2015-11-04 13:24:18"
"Excelente loja! Produtos de qualidade e atendimento nota 1000! Parabéns!","2015-11-04 13:24:57"
"A loja cumpriu com o combinado,  o papel chegou bem embalado e na data marcada!","2015-11-04 13:25:39"
"Entrega dentro do prazo. Produto ok, recomendo.","2015-11-04 13:25:47"
"Empresa séria.","2015-11-04 13:26:10"
"Ótimo atendimento!! Amei","2015-11-04 13:26:02"
"Excelente...","2015-11-04 13:26:27"
"Fui bem atendido, principalmente depois que chegou em minha casa..
Tive um duvida prontamente fui atendido...sou de Brasilia e falo comprei e sempre comprarei.","2015-11-04 13:30:38"
"Falta de atenção ","2015-11-04 13:26:54"
"sua orientacao nao bate com a do correio-me criou um problemaco que acabou na policia por streese do carteiro e no delegacia do consumidor.la conversaremos melhor
um bom dia-","2015-11-04 13:28:45"
"Compraria novamente ","2015-11-04 13:27:18"
"Atendimento ótimo, chegou super rápido.","2015-11-04 13:28:04"
"Rápida, Prática e fácil, super confiável.","2015-11-04 13:28:09"
"Venda perfeita, prazo de entrega rápido e preciso","2015-11-04 13:29:38"
"É muito mais bonita ao vivo. Perfeita","2015-11-04 13:29:54"
"Já estou acostumado a realizar compras nesta Loja da Fabrica Euro eu super. Recomendo...
Qualidade, Preço, Eficiência e o após venda, parabéns a Euro...  ","2015-11-04 13:42:30"
"LOJA BOA DE COMPRAR","2015-11-04 13:30:45"
"Entrega super rápida, chegou 3 dias antes do prazo combinado.","2015-11-04 13:30:26"
"Muito bonita, bom acabamento. Recomendo","2015-11-04 13:30:23"
"muito bom ","2015-11-04 13:31:29"
"Muito bom entrega rápida, tudo certinho","2015-11-04 13:31:53"
"ótimo atendimento, entrega dentro do prazo e adorei a variedade de produtos.. não vejo a hora de comprar mais coisinhas rs estão de parabéns!","2015-11-04 13:33:44"
"Empresa séria, honesta e ágil. Compraria novamente neste site.","2015-11-04 13:32:23"
"Uma compra muito rápida, prática sem burocracia e a entrega no prazo determinado. Muito bom !!!! ","2015-11-04 13:33:33"
"Ótimo atendimento.","2015-11-04 13:32:52"
"Comprei vários ternos Oxford Preto,os quais eram para uniforme da igreja,e todos gostaram muito.Experimente você também.","2015-11-04 13:36:13"
"Muito bom, tanto o atendimento quanto a entrega.","2015-11-04 13:33:12"
"Não recebi o produto","2015-11-04 13:32:33"
"comprando via boleto a entrega demorou ","2015-11-04 13:34:08"
"Excelente, empresa seria.","2015-11-04 13:37:00"
"Gostei muito de comprar na loja, veio certinho dentro do prazo, e consegui acompanhar onde estava meu produto.
","2015-11-04 13:37:27"
"FOI UMA EXPERIENCIA BOA, E CONFIAVEL, FIZ DUAS COMPRAS E A ENTREGA FOI DENTRO DO PRAZO.","2015-11-04 13:37:53"
"Super confiável. Operação rápida e tranquila. Entrega antes do prazo estipulado. Fiquei muito satisfeita.","2015-11-04 13:38:55"
"este combo é muito bom e tem um preço acessível! A entrega da dermabox foi bem eficiente.","2015-11-04 13:40:04"
"Otimo atendimento","2015-11-04 13:40:53"
"A melhor dos ultimos tempos. ","2015-11-04 13:41:08"
"exelente","2015-11-04 13:41:26"
"Exelente loja eu indico a todos de confiança ...","2015-11-04 13:42:58"
"Excelente ","2015-11-04 13:56:47"
"Achei que para compra a vista no boleto é um pouco demorado para liberação via correio. A entrega tambem é demorada recebi somente em 06 dias uteis sendo que resido em uma capital. Tirando isso avalio os produtos de forma geral como sendo de boa qualidade. Voltarei a comprar.Obrigado.","2015-11-04 13:46:59"
"Muito prático e rápido","2015-11-04 13:41:49"
"Gostei","2015-11-04 13:42:18"
"Recomendo.","2015-11-04 13:43:49"
"Excepcional!!!! Entrega rápida e ótimo custo benefício","2015-11-04 13:44:56"
"entrega rápida e sem problemas, pra troca.","2015-11-04 13:48:34"
"ótimos produtos. Gostei .","2015-11-04 13:49:03"
"Fácil de comprar","2015-11-04 13:48:59"
"Gostei da experiência de compra. Só não gostei das diversas ligações que recebi para confirmar meus dados, sempre perguntavam as mesmas coisas. Me senti num interrogatório. ","2015-11-04 13:52:14"
"muito rápida","2015-11-04 13:50:43"
"Muito bom. Detalharam todo o processo de compra, chegou super rápido. Atendimento ÓTIMO.  Esclareceram minhas dúvidas quando houve. ADOREI","2015-11-04 13:51:50"
"confiável e entrega sem problemas","2015-11-04 13:52:38"
"A compra chegou bem rápida, só o frete que é caro.","2015-11-04 14:07:06"
"Entrega mais rápida em uma compra que já fiz na internet!","2015-11-04 20:14:19"
"Excelente loja. Sempre compro com eles.","2015-11-04 13:56:28"
"otimo","2015-11-04 13:59:52"
"Amooooooo","2015-11-04 13:57:48"
"Já comprei outras vezes ,gosto muito a entrega é rápida e tudo certinho.","2015-11-04 13:58:27"
"E a segunda compra que faço na GuitarshopCe e sempre fui muito bem atendido
Me sinto seguro comprando aqui.","2015-11-04 14:01:11"
"Foi ok, porém esperava muito mais da loja...","2015-11-04 14:01:35"
"5","2015-11-04 13:59:54"
"bom","2015-11-04 14:00:48"
"O contra é a pessima atualização do sistema de entrega.","2015-11-04 14:00:17"
"Muito boa a entrega, rápida!","2015-11-04 14:00:06"
"Atendimento diferenciado.
muito bom","2015-11-04 14:00:46"
"Excelente!!!","2015-11-04 14:04:49"
"Eu amei! É linda e chegou super rápido. 
","2015-11-04 14:05:57"
"Entrega super rápida, recomendo.","2015-11-04 14:07:33"
"Otima loja. Recomendo. O problema é o frete caro dos nossos correios. ","2015-11-04 14:07:59"
"A melhor loja que ja comprei, muito rapida no envio do protudo. ","2015-11-04 14:08:22"
"entrega super rápida,me entregaram antes do prazo. ","2015-11-04 14:10:42"
"Demorou quase um mês para eu receber o produto","2015-11-04 14:09:38"
"eu achei otimo...rapido entrega gostei recomendo","2015-11-04 14:09:38"
"Bom","2015-11-04 14:10:25"
"Entrega rápida, eficiente! Tive que fazer uma troca por causa do número do sapato e não tive problema nenhum para fazer! Ótimo atendimento! Obrigada!","2015-11-04 14:12:53"
"mt bom","2015-11-04 14:12:11"
"Atendimento ótimo e entrega rápida e eficiente.
","2015-11-04 14:12:52"
"Excelente.","2015-11-04 14:14:59"
"EU AMEI SUPER RECOMENDO.","2015-11-04 14:15:36"
"Otimo atendimento.","2015-11-04 14:15:30"
"Otko","2015-11-04 14:16:57"
"Prazo correto, pagamento aprovado rapidamente e entrega muita rápida.....Com certeza comprarei novamente!","2015-11-04 14:16:58"
"Loja fantástica e com muitas opções diferentes! Vale muito a pena!","2015-11-04 14:16:47"
"Ótima loja, sempre encontro o que preciso com ótimos preços e rápidos na entrega, parabens Gasômetro.","2015-11-04 14:20:01"
"Entrega super Rapida","2015-11-04 14:18:50"
"Entrega rápida e eficiente.","2015-11-04 14:18:56"
"excelente","2015-11-04 14:19:26"
"Ótimo atendimento!","2015-11-04 14:20:35"
"Loja boa, com bons produtos e confiava. Chegou bem rápido e tudo certo.","2015-11-04 14:21:06"
"entrega rápida ... tudo ok","2015-11-04 14:21:54"
"Muito bom.","2015-11-04 14:25:05"
"Tudo certinho com esse vendedor.","2015-11-04 14:25:34"
"A loja cumpriu certinho com seus deveres!!","2015-11-04 14:26:16"
"Otimo","2015-11-04 14:26:30"
"Excelente. ","2015-11-04 14:26:23"
"entrega rápida,gostei!","2015-11-04 14:29:49"
"Muito bom fiz uma ótima compra estou muito grato. ..","2015-11-04 14:28:43"
"Muito bom tanto o prazo quanto o produto!!","2015-11-04 14:29:25"
"Experiencia excelente!","2015-11-04 14:33:58"
"Atendimento muito bom e rápido, sempre me mantiveram informada via msgs sobre o andamento da compra.
Super recomendo!","2015-11-04 14:32:26"
"Ótimo atendimento!!! Presteza e rapidez.Nota 1000...","2015-11-04 14:36:21"
"otimo","2015-11-04 14:34:50"
"otimo.entregou antes do prazo previsto","2015-11-04 14:36:17"
"Fácil aquisição, site muito prático com informções claras, entrega rápida. Recomendei á várias pessoas interessadas.","2015-11-04 14:41:54"
"Embora o site não atualizou o status da remessa, tudo correu perfeitamente, inclusive o prazo de entrega.","2015-11-04 14:44:38"
"Gostaria de agradecer a atenção prestada inclusive depois da compra. Gostei da ideia de deixar o cliente sempre informado sobre o envio do produto, mandando email sempre que postado nos correios. Outro fator que não posso deixar de falar é sobre a embalagem que deixa o produto totalmente protegido, evitando danificações. Muito obrigado pelo atendimento e pela atenção! ","2015-11-04 14:48:01"
"entrega no prazo","2015-11-04 14:47:42"
"  Ótimos vendedores.

   Recebi e-mails com cada movimento de encaminhamento do produto.
   Negociação e envio rápidos.

   Perfeitissímo!!!","2015-11-04 14:49:49"
"Ótimo ","2015-11-04 14:49:50"
"Perfeito!","2015-11-04 14:51:25"
"super confiável, bom atendimento ","2015-11-04 14:51:08"
"Comprei na segunda e na quinta já estava com o produto. Tudo muito rápido e produto muito bom.","2015-11-04 14:53:56"
"excelente. nota mil
","2015-11-04 14:54:27"
"Entrega a jato pro interior de Minas. Parabéns WTennis! ","2015-11-04 14:57:15"
"Bom","2015-11-04 15:02:30"
"Recebo tudo certinho e em tempo hábil.","2015-11-04 15:03:37"
"Entrega ok.","2015-11-04 15:03:49"
"Tive um probleminha com o número do rastreamento do meu pedido mas no final deu tudo certo.","2015-11-04 15:10:57"
"Excelente","2015-11-04 15:11:13"
"EU ACHEI MUTO BOM","2015-11-04 15:13:23"